artists,disc_number,duration_ms,explicit,href,id,is_local,is_playable,name,popularity,preview_url,track_number,type,uri,album.album_type,album.artists,album.external_urls.spotify,album.href,album.id,album.images,album.is_playable,album.name,album.release_date,album.release_date_precision,album.total_tracks,album.type,album.uri,external_ids.isrc,external_urls.spotify,linked_from.external_urls.spotify,linked_from.href,linked_from.id,linked_from.type,linked_from.uri
"[{'external_urls': {'spotify': 'https://open.spotify.com/artist/4J13m9IZh03PEhoxAxRhXO'}, 'href': 'https://api.spotify.com/v1/artists/4J13m9IZh03PEhoxAxRhXO', 'id': '4J13m9IZh03PEhoxAxRhXO', 'name': 'Gerardo Ortiz', 'type': 'artist', 'uri': 'spotify:artist:4J13m9IZh03PEhoxAxRhXO'}]",1,181986,False,https://api.spotify.com/v1/tracks/4DylHCW46VE8AmQiW1EjUZ,4DylHCW46VE8AmQiW1EjUZ,False,True,Amor Confuso,65,https://p.scdn.co/mp3-preview/404cabde5bd62a9d8cf44e1052257503f134ed85?cid=bf0a7a4e7fba44c3844ebceae6d06eed,9,track,spotify:track:4DylHCW46VE8AmQiW1EjUZ,ALBUM,"[{'external_urls': {'spotify': 'https://open.spotify.com/artist/4J13m9IZh03PEhoxAxRhXO'}, 'href': 'https://api.spotify.com/v1/artists/4J13m9IZh03PEhoxAxRhXO', 'id': '4J13m9IZh03PEhoxAxRhXO', 'name': 'Gerardo Ortiz', 'type': 'artist', 'uri': 'spotify:artist:4J13m9IZh03PEhoxAxRhXO'}]",https://open.spotify.com/album/6QjeY59SrJAOonlj6f0mDl,https://api.spotify.com/v1/albums/6QjeY59SrJAOonlj6f0mDl,6QjeY59SrJAOonlj6f0mDl,"[{'height': 640, 'url': 'https://i.scdn.co/image/ab67616d0000b27370623382ae4649f761bc013d', 'width': 640}, {'height': 300, 'url': 'https://i.scdn.co/image/ab67616d00001e0270623382ae4649f761bc013d', 'width': 300}, {'height': 64, 'url': 'https://i.scdn.co/image/ab67616d0000485170623382ae4649f761bc013d', 'width': 64}]",True,Entre Dios Y El Diablo,2011-09-05,day,12,album,spotify:album:6QjeY59SrJAOonlj6f0mDl,USE7D1100124,https://open.spotify.com/track/4DylHCW46VE8AmQiW1EjUZ,https://open.spotify.com/track/4k7HAiBXFCquuN9hYxaeJr,https://api.spotify.com/v1/tracks/4k7HAiBXFCquuN9hYxaeJr,4k7HAiBXFCquuN9hYxaeJr,track,spotify:track:4k7HAiBXFCquuN9hYxaeJr
"[{'external_urls': {'spotify': 'https://open.spotify.com/artist/08Cb5OwPZ7SrS19MNYaHqz'}, 'href': 'https://api.spotify.com/v1/artists/08Cb5OwPZ7SrS19MNYaHqz', 'id': '08Cb5OwPZ7SrS19MNYaHqz', 'name': 'Buxxi', 'type': 'artist', 'uri': 'spotify:artist:08Cb5OwPZ7SrS19MNYaHqz'}]",1,226925,False,https://api.spotify.com/v1/tracks/5IypFJnPEwFAPDTRz14ijX,5IypFJnPEwFAPDTRz14ijX,False,True,Como Tu No Hay Dos,60,https://p.scdn.co/mp3-preview/3dbaf9c6069b4872095052dc23e2854c0e0548b4?cid=bf0a7a4e7fba44c3844ebceae6d06eed,1,track,spotify:track:5IypFJnPEwFAPDTRz14ijX,SINGLE,"[{'external_urls': {'spotify': 'https://open.spotify.com/artist/08Cb5OwPZ7SrS19MNYaHqz'}, 'href': 'https://api.spotify.com/v1/artists/08Cb5OwPZ7SrS19MNYaHqz', 'id': '08Cb5OwPZ7SrS19MNYaHqz', 'name': 'Buxxi', 'type': 'artist', 'uri': 'spotify:artist:08Cb5OwPZ7SrS19MNYaHqz'}]",https://open.spotify.com/album/4TpoCBLJg3RtGcQFFkcuvM,https://api.spotify.com/v1/albums/4TpoCBLJg3RtGcQFFkcuvM,4TpoCBLJg3RtGcQFFkcuvM,"[{'height': 640, 'url': 'https://i.scdn.co/image/ab67616d0000b2739c78f15631e13ba98154b040', 'width': 640}, {'height': 300, 'url': 'https://i.scdn.co/image/ab67616d00001e029c78f15631e13ba98154b040', 'width': 300}, {'height': 64, 'url': 'https://i.scdn.co/image/ab67616d000048519c78f15631e13ba98154b040', 'width': 64}]",True,Como Tu No Hay Dos,2011-10-31,day,1,album,spotify:album:4TpoCBLJg3RtGcQFFkcuvM,ES8621100601,https://open.spotify.com/track/5IypFJnPEwFAPDTRz14ijX,https://open.spotify.com/track/5g2cx0mZFmCNp4GexaifFl,https://api.spotify.com/v1/tracks/5g2cx0mZFmCNp4GexaifFl,5g2cx0mZFmCNp4GexaifFl,track,spotify:track:5g2cx0mZFmCNp4GexaifFl
"[{'external_urls': {'spotify': 'https://open.spotify.com/artist/6BMQo3hxi4qwLiZpHKK5iL'}, 'href': 'https://api.spotify.com/v1/artists/6BMQo3hxi4qwLiZpHKK5iL', 'id': '6BMQo3hxi4qwLiZpHKK5iL', 'name': 'A.B. Quintanilla III Y Los Kumbia Kings', 'type': 'artist', 'uri': 'spotify:artist:6BMQo3hxi4qwLiZpHKK5iL'}, {'external_urls': {'spotify': 'https://open.spotify.com/artist/4VRHPqW54KVxJAhUWNKjNF'}, 'href': 'https://api.spotify.com/v1/artists/4VRHPqW54KVxJAhUWNKjNF', 'id': '4VRHPqW54KVxJAhUWNKjNF', 'name': 'Fito Olivares', 'type': 'artist', 'uri': 'spotify:artist:4VRHPqW54KVxJAhUWNKjNF'}]",1,210120,False,https://api.spotify.com/v1/tracks/71hlW24Et0ZIHjp6pI7SXU,71hlW24Et0ZIHjp6pI7SXU,False,True,Azúcar,48,,10,track,spotify:track:71hlW24Et0ZIHjp6pI7SXU,COMPILATION,"[{'external_urls': {'spotify': 'https://open.spotify.com/artist/5MP9bH9aUryiKQeUvABLIU'}, 'href': 'https://api.spotify.com/v1/artists/5MP9bH9aUryiKQeUvABLIU', 'id': '5MP9bH9aUryiKQeUvABLIU', 'name': 'A.B. Quintanilla III', 'type': 'artist', 'uri': 'spotify:artist:5MP9bH9aUryiKQeUvABLIU'}, {'external_urls': {'spotify': 'https://open.spotify.com/artist/3jO5UGHrEzfd5YIamfs7Ir'}, 'href': 'https://api.spotify.com/v1/artists/3jO5UGHrEzfd5YIamfs7Ir', 'id': '3jO5UGHrEzfd5YIamfs7Ir', 'name': 'Kumbia Kings', 'type': 'artist', 'uri': 'spotify:artist:3jO5UGHrEzfd5YIamfs7Ir'}]",https://open.spotify.com/album/1RGWEZOK9E2fH75E6D3cqZ,https://api.spotify.com/v1/albums/1RGWEZOK9E2fH75E6D3cqZ,1RGWEZOK9E2fH75E6D3cqZ,"[{'height': 640, 'url': 'https://i.scdn.co/image/ab67616d0000b273705081b3e764847f6e600a58', 'width': 640}, {'height': 300, 'url': 'https://i.scdn.co/image/ab67616d00001e02705081b3e764847f6e600a58', 'width': 300}, {'height': 64, 'url': 'https://i.scdn.co/image/ab67616d00004851705081b3e764847f6e600a58', 'width': 64}]",True,"A.B. Quintanilla III Presents Kumbia Kings Greatest Hits ""Album Versions""",2007-01-01,day,12,album,spotify:album:1RGWEZOK9E2fH75E6D3cqZ,USEL19900113,https://open.spotify.com/track/71hlW24Et0ZIHjp6pI7SXU,,,,,
"[{'external_urls': {'spotify': 'https://open.spotify.com/artist/4VMYDCV2IEDYJArk749S6m'}, 'href': 'https://api.spotify.com/v1/artists/4VMYDCV2IEDYJArk749S6m', 'id': '4VMYDCV2IEDYJArk749S6m', 'name': 'Daddy Yankee', 'type': 'artist', 'uri': 'spotify:artist:4VMYDCV2IEDYJArk749S6m'}, {'external_urls': {'spotify': 'https://open.spotify.com/artist/0j8QSBQZ9MNSGjHr1Vll1R'}, 'href': 'https://api.spotify.com/v1/artists/0j8QSBQZ9MNSGjHr1Vll1R', 'id': '0j8QSBQZ9MNSGjHr1Vll1R', 'name': 'Natalia Jiménez', 'type': 'artist', 'uri': 'spotify:artist:0j8QSBQZ9MNSGjHr1Vll1R'}]",1,223360,False,https://api.spotify.com/v1/tracks/1oKHVatwHayiMn6MpvmPVZ,1oKHVatwHayiMn6MpvmPVZ,False,True,La Noche De Los Dos,49,,7,track,spotify:track:1oKHVatwHayiMn6MpvmPVZ,ALBUM,"[{'external_urls': {'spotify': 'https://open.spotify.com/artist/4VMYDCV2IEDYJArk749S6m'}, 'href': 'https://api.spotify.com/v1/artists/4VMYDCV2IEDYJArk749S6m', 'id': '4VMYDCV2IEDYJArk749S6m', 'name': 'Daddy Yankee', 'type': 'artist', 'uri': 'spotify:artist:4VMYDCV2IEDYJArk749S6m'}]",https://open.spotify.com/album/6Hu1DObY1WeKWxHfeaOcFg,https://api.spotify.com/v1/albums/6Hu1DObY1WeKWxHfeaOcFg,6Hu1DObY1WeKWxHfeaOcFg,"[{'height': 640, 'url': 'https://i.scdn.co/image/ab67616d0000b27329866617908a958f41917d76', 'width': 640}, {'height': 300, 'url': 'https://i.scdn.co/image/ab67616d00001e0229866617908a958f41917d76', 'width': 300}, {'height': 64, 'url': 'https://i.scdn.co/image/ab67616d0000485129866617908a958f41917d76', 'width': 64}]",True,Prestige,2012-01-01,day,17,album,spotify:album:6Hu1DObY1WeKWxHfeaOcFg,USNPD1200082,https://open.spotify.com/track/1oKHVatwHayiMn6MpvmPVZ,,,,,
"[{'external_urls': {'spotify': 'https://open.spotify.com/artist/4LFOoXhMhnq9U8VsZkSwxl'}, 'href': 'https://api.spotify.com/v1/artists/4LFOoXhMhnq9U8VsZkSwxl', 'id': '4LFOoXhMhnq9U8VsZkSwxl', 'name': 'Edwin Luna y La Trakalosa de Monterrey', 'type': 'artist', 'uri': 'spotify:artist:4LFOoXhMhnq9U8VsZkSwxl'}]",1,204200,False,https://api.spotify.com/v1/tracks/4fYNJdS986IYQWxVoZjY3A,4fYNJdS986IYQWxVoZjY3A,False,True,Borracho de Amor,73,https://p.scdn.co/mp3-preview/a2466119e4f8949d29e8da75d126794ff80b6483?cid=bf0a7a4e7fba44c3844ebceae6d06eed,2,track,spotify:track:4fYNJdS986IYQWxVoZjY3A,ALBUM,"[{'external_urls': {'spotify': 'https://open.spotify.com/artist/4LFOoXhMhnq9U8VsZkSwxl'}, 'href': 'https://api.spotify.com/v1/artists/4LFOoXhMhnq9U8VsZkSwxl', 'id': '4LFOoXhMhnq9U8VsZkSwxl', 'name': 'Edwin Luna y La Trakalosa de Monterrey', 'type': 'artist', 'uri': 'spotify:artist:4LFOoXhMhnq9U8VsZkSwxl'}]",https://open.spotify.com/album/6M9upytZn0KVS3JvlhbSYE,https://api.spotify.com/v1/albums/6M9upytZn0KVS3JvlhbSYE,6M9upytZn0KVS3JvlhbSYE,"[{'height': 640, 'url': 'https://i.scdn.co/image/ab67616d0000b273dfe70fd0029da924877b4433', 'width': 640}, {'height': 300, 'url': 'https://i.scdn.co/image/ab67616d00001e02dfe70fd0029da924877b4433', 'width': 300}, {'height': 64, 'url': 'https://i.scdn.co/image/ab67616d00004851dfe70fd0029da924877b4433', 'width': 64}]",True,De Monterrey a Sinaloa,2013-05-14,day,11,album,spotify:album:6M9upytZn0KVS3JvlhbSYE,USASN1300854,https://open.spotify.com/track/4fYNJdS986IYQWxVoZjY3A,https://open.spotify.com/track/2xjxGXr3eASzCvo9MUHk0w,https://api.spotify.com/v1/tracks/2xjxGXr3eASzCvo9MUHk0w,2xjxGXr3eASzCvo9MUHk0w,track,spotify:track:2xjxGXr3eASzCvo9MUHk0w
"[{'external_urls': {'spotify': 'https://open.spotify.com/artist/6IE6z7DcZIT4Ml3Fh5Ivch'}, 'href': 'https://api.spotify.com/v1/artists/6IE6z7DcZIT4Ml3Fh5Ivch', 'id': '6IE6z7DcZIT4Ml3Fh5Ivch', 'name': 'Selena', 'type': 'artist', 'uri': 'spotify:artist:6IE6z7DcZIT4Ml3Fh5Ivch'}]",1,205840,False,https://api.spotify.com/v1/tracks/0CuCyUiCfiq6iLpBgqKYY3,0CuCyUiCfiq6iLpBgqKYY3,False,True,El Chico Del Apartamento 512,42,,6,track,spotify:track:0CuCyUiCfiq6iLpBgqKYY3,COMPILATION,"[{'external_urls': {'spotify': 'https://open.spotify.com/artist/6IE6z7DcZIT4Ml3Fh5Ivch'}, 'href': 'https://api.spotify.com/v1/artists/6IE6z7DcZIT4Ml3Fh5Ivch', 'id': '6IE6z7DcZIT4Ml3Fh5Ivch', 'name': 'Selena', 'type': 'artist', 'uri': 'spotify:artist:6IE6z7DcZIT4Ml3Fh5Ivch'}]",https://open.spotify.com/album/058VOHYTS6kFauVUl6Eh03,https://api.spotify.com/v1/albums/058VOHYTS6kFauVUl6Eh03,058VOHYTS6kFauVUl6Eh03,"[{'height': 640, 'url': 'https://i.scdn.co/image/ab67616d0000b273673648f5fb3d29a82733479b', 'width': 640}, {'height': 300, 'url': 'https://i.scdn.co/image/ab67616d00001e02673648f5fb3d29a82733479b', 'width': 300}, {'height': 64, 'url': 'https://i.scdn.co/image/ab67616d00004851673648f5fb3d29a82733479b', 'width': 64}]",True,La Leyenda (Version Super Deluxe),2010-01-01,day,82,album,spotify:album:058VOHYTS6kFauVUl6Eh03,USEL19400015,https://open.spotify.com/track/0CuCyUiCfiq6iLpBgqKYY3,,,,,
"[{'external_urls': {'spotify': 'https://open.spotify.com/artist/11kBu957KTYoAltZHDm8gW'}, 'href': 'https://api.spotify.com/v1/artists/11kBu957KTYoAltZHDm8gW', 'id': '11kBu957KTYoAltZHDm8gW', 'name': 'Buena Vista Social Club', 'type': 'artist', 'uri': 'spotify:artist:11kBu957KTYoAltZHDm8gW'}]",1,184026,False,https://api.spotify.com/v1/tracks/3okCsBWWv7okRgaTnMQ2Fp,3okCsBWWv7okRgaTnMQ2Fp,False,True,Dos Gardenias,61,https://p.scdn.co/mp3-preview/4c25ad2495a2ffa71ff5319a79e8895456e3f78b?cid=bf0a7a4e7fba44c3844ebceae6d06eed,5,track,spotify:track:3okCsBWWv7okRgaTnMQ2Fp,ALBUM,"[{'external_urls': {'spotify': 'https://open.spotify.com/artist/11kBu957KTYoAltZHDm8gW'}, 'href': 'https://api.spotify.com/v1/artists/11kBu957KTYoAltZHDm8gW', 'id': '11kBu957KTYoAltZHDm8gW', 'name': 'Buena Vista Social Club', 'type': 'artist', 'uri': 'spotify:artist:11kBu957KTYoAltZHDm8gW'}]",https://open.spotify.com/album/2Upqk0mMh9OMIVSj9F8Xzw,https://api.spotify.com/v1/albums/2Upqk0mMh9OMIVSj9F8Xzw,2Upqk0mMh9OMIVSj9F8Xzw,"[{'height': 640, 'url': 'https://i.scdn.co/image/ab67616d0000b2731937a3b485ed7a71630809ab', 'width': 640}, {'height': 300, 'url': 'https://i.scdn.co/image/ab67616d00001e021937a3b485ed7a71630809ab', 'width': 300}, {'height': 64, 'url': 'https://i.scdn.co/image/ab67616d000048511937a3b485ed7a71630809ab', 'width': 64}]",True,Buena Vista Social Club,1997-09-16,day,14,album,spotify:album:2Upqk0mMh9OMIVSj9F8Xzw,GBBGU9700550,https://open.spotify.com/track/3okCsBWWv7okRgaTnMQ2Fp,https://open.spotify.com/track/3Fn6K2roSmzhKzp5BBJKJl,https://api.spotify.com/v1/tracks/3Fn6K2roSmzhKzp5BBJKJl,3Fn6K2roSmzhKzp5BBJKJl,track,spotify:track:3Fn6K2roSmzhKzp5BBJKJl
"[{'external_urls': {'spotify': 'https://open.spotify.com/artist/108moq3rq6bm1M4Ypz0J02'}, 'href': 'https://api.spotify.com/v1/artists/108moq3rq6bm1M4Ypz0J02', 'id': '108moq3rq6bm1M4Ypz0J02', 'name': 'Intocable', 'type': 'artist', 'uri': 'spotify:artist:108moq3rq6bm1M4Ypz0J02'}]",1,227493,False,https://api.spotify.com/v1/tracks/4TkNaOLBBSHVI4W5vjuAKK,4TkNaOLBBSHVI4W5vjuAKK,False,True,Dame Un Besito,54,,11,track,spotify:track:4TkNaOLBBSHVI4W5vjuAKK,ALBUM,"[{'external_urls': {'spotify': 'https://open.spotify.com/artist/108moq3rq6bm1M4Ypz0J02'}, 'href': 'https://api.spotify.com/v1/artists/108moq3rq6bm1M4Ypz0J02', 'id': '108moq3rq6bm1M4Ypz0J02', 'name': 'Intocable', 'type': 'artist', 'uri': 'spotify:artist:108moq3rq6bm1M4Ypz0J02'}]",https://open.spotify.com/album/4fjmN8hFRaHWe8HEtMc3Eh,https://api.spotify.com/v1/albums/4fjmN8hFRaHWe8HEtMc3Eh,4fjmN8hFRaHWe8HEtMc3Eh,"[{'height': 640, 'url': 'https://i.scdn.co/image/ab67616d0000b2737510631ff8132a77d4750484', 'width': 640}, {'height': 300, 'url': 'https://i.scdn.co/image/ab67616d00001e027510631ff8132a77d4750484', 'width': 300}, {'height': 64, 'url': 'https://i.scdn.co/image/ab67616d000048517510631ff8132a77d4750484', 'width': 64}]",True,Super #1's,2010-01-01,day,16,album,spotify:album:4fjmN8hFRaHWe8HEtMc3Eh,USEL10600278,https://open.spotify.com/track/4TkNaOLBBSHVI4W5vjuAKK,,,,,
"[{'external_urls': {'spotify': 'https://open.spotify.com/artist/7qG3b048QCHVRO5Pv1T5lw'}, 'href': 'https://api.spotify.com/v1/artists/7qG3b048QCHVRO5Pv1T5lw', 'id': '7qG3b048QCHVRO5Pv1T5lw', 'name': 'Enrique Iglesias', 'type': 'artist', 'uri': 'spotify:artist:7qG3b048QCHVRO5Pv1T5lw'}]",1,264600,False,https://api.spotify.com/v1/tracks/24Gxm7Eh7tO83E26LG0CsY,24Gxm7Eh7tO83E26LG0CsY,False,True,Hero,63,,4,track,spotify:track:24Gxm7Eh7tO83E26LG0CsY,ALBUM,"[{'external_urls': {'spotify': 'https://open.spotify.com/artist/7qG3b048QCHVRO5Pv1T5lw'}, 'href': 'https://api.spotify.com/v1/artists/7qG3b048QCHVRO5Pv1T5lw', 'id': '7qG3b048QCHVRO5Pv1T5lw', 'name': 'Enrique Iglesias', 'type': 'artist', 'uri': 'spotify:artist:7qG3b048QCHVRO5Pv1T5lw'}]",https://open.spotify.com/album/0zktx87Zil6xHw7OWtXwIz,https://api.spotify.com/v1/albums/0zktx87Zil6xHw7OWtXwIz,0zktx87Zil6xHw7OWtXwIz,"[{'height': 640, 'url': 'https://i.scdn.co/image/ab67616d0000b273c67c2a884eab590bf1e1485a', 'width': 640}, {'height': 300, 'url': 'https://i.scdn.co/image/ab67616d00001e02c67c2a884eab590bf1e1485a', 'width': 300}, {'height': 64, 'url': 'https://i.scdn.co/image/ab67616d00004851c67c2a884eab590bf1e1485a', 'width': 64}]",True,Escape,2001,year,16,album,spotify:album:0zktx87Zil6xHw7OWtXwIz,USIR10120047,https://open.spotify.com/track/24Gxm7Eh7tO83E26LG0CsY,https://open.spotify.com/track/3Y8WRvVlQHMvtBwaV4TGlJ,https://api.spotify.com/v1/tracks/3Y8WRvVlQHMvtBwaV4TGlJ,3Y8WRvVlQHMvtBwaV4TGlJ,track,spotify:track:3Y8WRvVlQHMvtBwaV4TGlJ
"[{'external_urls': {'spotify': 'https://open.spotify.com/artist/0EmeFodog0BfCgMzAIvKQp'}, 'href': 'https://api.spotify.com/v1/artists/0EmeFodog0BfCgMzAIvKQp', 'id': '0EmeFodog0BfCgMzAIvKQp', 'name': 'Shakira', 'type': 'artist', 'uri': 'spotify:artist:0EmeFodog0BfCgMzAIvKQp'}]",1,199173,False,https://api.spotify.com/v1/tracks/5JwZwNT0SyOZlErdpvdEg3,5JwZwNT0SyOZlErdpvdEg3,False,True,Obtener un Si,48,https://p.scdn.co/mp3-preview/c87789df4ab2643af1c6fe35cdc8e84f325dcf42?cid=bf0a7a4e7fba44c3844ebceae6d06eed,4,track,spotify:track:5JwZwNT0SyOZlErdpvdEg3,ALBUM,"[{'external_urls': {'spotify': 'https://open.spotify.com/artist/0EmeFodog0BfCgMzAIvKQp'}, 'href': 'https://api.spotify.com/v1/artists/0EmeFodog0BfCgMzAIvKQp', 'id': '0EmeFodog0BfCgMzAIvKQp', 'name': 'Shakira', 'type': 'artist', 'uri': 'spotify:artist:0EmeFodog0BfCgMzAIvKQp'}]",https://open.spotify.com/album/3zHPYwiMJqa3hTBgk695Ae,https://api.spotify.com/v1/albums/3zHPYwiMJqa3hTBgk695Ae,3zHPYwiMJqa3hTBgk695Ae,"[{'height': 640, 'url': 'https://i.scdn.co/image/ab67616d0000b273f342e70aacda9d78cfb6ce7a', 'width': 640}, {'height': 300, 'url': 'https://i.scdn.co/image/ab67616d00001e02f342e70aacda9d78cfb6ce7a', 'width': 300}, {'height': 64, 'url': 'https://i.scdn.co/image/ab67616d00004851f342e70aacda9d78cfb6ce7a', 'width': 64}]",True,"Fijación Oral, Vol. 1",2005-06-03,day,12,album,spotify:album:3zHPYwiMJqa3hTBgk695Ae,USSM10501805,https://open.spotify.com/track/5JwZwNT0SyOZlErdpvdEg3,,,,,
"[{'external_urls': {'spotify': 'https://open.spotify.com/artist/7okwEbXzyT2VffBmyQBWLz'}, 'href': 'https://api.spotify.com/v1/artists/7okwEbXzyT2VffBmyQBWLz', 'id': '7okwEbXzyT2VffBmyQBWLz', 'name': 'Maná', 'type': 'artist', 'uri': 'spotify:artist:7okwEbXzyT2VffBmyQBWLz'}]",1,263306,False,https://api.spotify.com/v1/tracks/5TA7wLBogohCKbyuCMHBKY,5TA7wLBogohCKbyuCMHBKY,False,True,Oye Mi Amor,48,https://p.scdn.co/mp3-preview/c682d2536aca9d7a3d7a691acac956007b9da8aa?cid=bf0a7a4e7fba44c3844ebceae6d06eed,13,track,spotify:track:5TA7wLBogohCKbyuCMHBKY,ALBUM,"[{'external_urls': {'spotify': 'https://open.spotify.com/artist/7okwEbXzyT2VffBmyQBWLz'}, 'href': 'https://api.spotify.com/v1/artists/7okwEbXzyT2VffBmyQBWLz', 'id': '7okwEbXzyT2VffBmyQBWLz', 'name': 'Maná', 'type': 'artist', 'uri': 'spotify:artist:7okwEbXzyT2VffBmyQBWLz'}]",https://open.spotify.com/album/0T6xjJtpq2ZFsGb8WVBPfO,https://api.spotify.com/v1/albums/0T6xjJtpq2ZFsGb8WVBPfO,0T6xjJtpq2ZFsGb8WVBPfO,"[{'height': 640, 'url': 'https://i.scdn.co/image/ab67616d0000b273f7ade153bfa6a53213874da2', 'width': 640}, {'height': 300, 'url': 'https://i.scdn.co/image/ab67616d00001e02f7ade153bfa6a53213874da2', 'width': 300}, {'height': 64, 'url': 'https://i.scdn.co/image/ab67616d00004851f7ade153bfa6a53213874da2', 'width': 64}]",True,Você É Minha Religião: O Melhor Do Maná (Deluxe Version),2012-10-26,day,18,album,spotify:album:0T6xjJtpq2ZFsGb8WVBPfO,MXF159200061,https://open.spotify.com/track/5TA7wLBogohCKbyuCMHBKY,,,,,
"[{'external_urls': {'spotify': 'https://open.spotify.com/artist/6djNDzSg08mnh2Ayoh6Ovn'}, 'href': 'https://api.spotify.com/v1/artists/6djNDzSg08mnh2Ayoh6Ovn', 'id': '6djNDzSg08mnh2Ayoh6Ovn', 'name': 'Larry Hernández', 'type': 'artist', 'uri': 'spotify:artist:6djNDzSg08mnh2Ayoh6Ovn'}]",1,163773,False,https://api.spotify.com/v1/tracks/2BWCCgdGSGaZByBVkruTqW,2BWCCgdGSGaZByBVkruTqW,False,True,El Ardido,43,https://p.scdn.co/mp3-preview/c0ff27151b7b5901ba4781197bf6a004e25b4c70?cid=bf0a7a4e7fba44c3844ebceae6d06eed,6,track,spotify:track:2BWCCgdGSGaZByBVkruTqW,SINGLE,"[{'external_urls': {'spotify': 'https://open.spotify.com/artist/6djNDzSg08mnh2Ayoh6Ovn'}, 'href': 'https://api.spotify.com/v1/artists/6djNDzSg08mnh2Ayoh6Ovn', 'id': '6djNDzSg08mnh2Ayoh6Ovn', 'name': 'Larry Hernández', 'type': 'artist', 'uri': 'spotify:artist:6djNDzSg08mnh2Ayoh6Ovn'}]",https://open.spotify.com/album/77A9toL0A8qgGR8bqCIKKI,https://api.spotify.com/v1/albums/77A9toL0A8qgGR8bqCIKKI,77A9toL0A8qgGR8bqCIKKI,"[{'height': 640, 'url': 'https://i.scdn.co/image/ab67616d0000b2732bd1996bcd167aec37fc4fd5', 'width': 640}, {'height': 300, 'url': 'https://i.scdn.co/image/ab67616d00001e022bd1996bcd167aec37fc4fd5', 'width': 300}, {'height': 64, 'url': 'https://i.scdn.co/image/ab67616d000048512bd1996bcd167aec37fc4fd5', 'width': 64}]",True,El Ardido,2011-01-01,day,1,album,spotify:album:77A9toL0A8qgGR8bqCIKKI,USMG61100811,https://open.spotify.com/track/2BWCCgdGSGaZByBVkruTqW,https://open.spotify.com/track/5FFfaAMuC7pu1wj5ZZQVXN,https://api.spotify.com/v1/tracks/5FFfaAMuC7pu1wj5ZZQVXN,5FFfaAMuC7pu1wj5ZZQVXN,track,spotify:track:5FFfaAMuC7pu1wj5ZZQVXN
"[{'external_urls': {'spotify': 'https://open.spotify.com/artist/3XkJyJgJDxnjdQgH0zfT8K'}, 'href': 'https://api.spotify.com/v1/artists/3XkJyJgJDxnjdQgH0zfT8K', 'id': '3XkJyJgJDxnjdQgH0zfT8K', 'name': 'Los Rodriguez', 'type': 'artist', 'uri': 'spotify:artist:3XkJyJgJDxnjdQgH0zfT8K'}]",1,285093,False,https://api.spotify.com/v1/tracks/6eOT73H5zfEwTCe1Y0FDCc,6eOT73H5zfEwTCe1Y0FDCc,False,True,Sin documentos,64,https://p.scdn.co/mp3-preview/8c1bd01913ad9336ff21e5a73d252021419368e1?cid=bf0a7a4e7fba44c3844ebceae6d06eed,4,track,spotify:track:6eOT73H5zfEwTCe1Y0FDCc,ALBUM,"[{'external_urls': {'spotify': 'https://open.spotify.com/artist/3XkJyJgJDxnjdQgH0zfT8K'}, 'href': 'https://api.spotify.com/v1/artists/3XkJyJgJDxnjdQgH0zfT8K', 'id': '3XkJyJgJDxnjdQgH0zfT8K', 'name': 'Los Rodriguez', 'type': 'artist', 'uri': 'spotify:artist:3XkJyJgJDxnjdQgH0zfT8K'}]",https://open.spotify.com/album/1o4bpii08vZJWZUAmn6H1t,https://api.spotify.com/v1/albums/1o4bpii08vZJWZUAmn6H1t,1o4bpii08vZJWZUAmn6H1t,"[{'height': 640, 'url': 'https://i.scdn.co/image/ab67616d0000b273139d10e0ae979a7b4a811140', 'width': 640}, {'height': 300, 'url': 'https://i.scdn.co/image/ab67616d00001e02139d10e0ae979a7b4a811140', 'width': 300}, {'height': 64, 'url': 'https://i.scdn.co/image/ab67616d00004851139d10e0ae979a7b4a811140', 'width': 64}]",True,Sin Documentos,1993-05-21,day,12,album,spotify:album:1o4bpii08vZJWZUAmn6H1t,ES5019364003,https://open.spotify.com/track/6eOT73H5zfEwTCe1Y0FDCc,,,,,
"[{'external_urls': {'spotify': 'https://open.spotify.com/artist/4rUyBlggM5tZUH5QZn9ZuO'}, 'href': 'https://api.spotify.com/v1/artists/4rUyBlggM5tZUH5QZn9ZuO', 'id': '4rUyBlggM5tZUH5QZn9ZuO', 'name': 'Silvio Rodríguez', 'type': 'artist', 'uri': 'spotify:artist:4rUyBlggM5tZUH5QZn9ZuO'}]",1,212481,False,https://api.spotify.com/v1/tracks/5sQGo3fB2NoFalyy4uZjiu,5sQGo3fB2NoFalyy4uZjiu,False,True,Ojalá,67,https://p.scdn.co/mp3-preview/39cab22f2aba2dcec858500c2dacd2016955e530?cid=bf0a7a4e7fba44c3844ebceae6d06eed,3,track,spotify:track:5sQGo3fB2NoFalyy4uZjiu,ALBUM,"[{'external_urls': {'spotify': 'https://open.spotify.com/artist/4rUyBlggM5tZUH5QZn9ZuO'}, 'href': 'https://api.spotify.com/v1/artists/4rUyBlggM5tZUH5QZn9ZuO', 'id': '4rUyBlggM5tZUH5QZn9ZuO', 'name': 'Silvio Rodríguez', 'type': 'artist', 'uri': 'spotify:artist:4rUyBlggM5tZUH5QZn9ZuO'}]",https://open.spotify.com/album/6ZF1HQ2Bq5MDlR3xnCo7Id,https://api.spotify.com/v1/albums/6ZF1HQ2Bq5MDlR3xnCo7Id,6ZF1HQ2Bq5MDlR3xnCo7Id,"[{'height': 640, 'url': 'https://i.scdn.co/image/ab67616d0000b273aa8ff18e18152d09aa52c37c', 'width': 640}, {'height': 300, 'url': 'https://i.scdn.co/image/ab67616d00001e02aa8ff18e18152d09aa52c37c', 'width': 300}, {'height': 64, 'url': 'https://i.scdn.co/image/ab67616d00004851aa8ff18e18152d09aa52c37c', 'width': 64}]",True,Al Final de Este Viaje...,1978,year,10,album,spotify:album:6ZF1HQ2Bq5MDlR3xnCo7Id,ESAAI0205370,https://open.spotify.com/track/5sQGo3fB2NoFalyy4uZjiu,https://open.spotify.com/track/6pWxsx2Gd4MIS3WQeiIp26,https://api.spotify.com/v1/tracks/6pWxsx2Gd4MIS3WQeiIp26,6pWxsx2Gd4MIS3WQeiIp26,track,spotify:track:6pWxsx2Gd4MIS3WQeiIp26
"[{'external_urls': {'spotify': 'https://open.spotify.com/artist/3AIPhNgeF9S1Kyg9Yy3UQW'}, 'href': 'https://api.spotify.com/v1/artists/3AIPhNgeF9S1Kyg9Yy3UQW', 'id': '3AIPhNgeF9S1Kyg9Yy3UQW', 'name': 'Dani Martín', 'type': 'artist', 'uri': 'spotify:artist:3AIPhNgeF9S1Kyg9Yy3UQW'}]",1,259880,False,https://api.spotify.com/v1/tracks/5vCgDt0CtheaWVKzMW5KkO,5vCgDt0CtheaWVKzMW5KkO,False,True,Cero,59,https://p.scdn.co/mp3-preview/c51a639baa975b66629ceaa35cba482779bdf752?cid=bf0a7a4e7fba44c3844ebceae6d06eed,1,track,spotify:track:5vCgDt0CtheaWVKzMW5KkO,ALBUM,"[{'external_urls': {'spotify': 'https://open.spotify.com/artist/3AIPhNgeF9S1Kyg9Yy3UQW'}, 'href': 'https://api.spotify.com/v1/artists/3AIPhNgeF9S1Kyg9Yy3UQW', 'id': '3AIPhNgeF9S1Kyg9Yy3UQW', 'name': 'Dani Martín', 'type': 'artist', 'uri': 'spotify:artist:3AIPhNgeF9S1Kyg9Yy3UQW'}]",https://open.spotify.com/album/52mbh53PL8kGQGmNxNImu9,https://api.spotify.com/v1/albums/52mbh53PL8kGQGmNxNImu9,52mbh53PL8kGQGmNxNImu9,"[{'height': 640, 'url': 'https://i.scdn.co/image/ab67616d0000b27320a83b07c6ec4a24e0786051', 'width': 640}, {'height': 300, 'url': 'https://i.scdn.co/image/ab67616d00001e0220a83b07c6ec4a24e0786051', 'width': 300}, {'height': 64, 'url': 'https://i.scdn.co/image/ab67616d0000485120a83b07c6ec4a24e0786051', 'width': 64}]",True,Dani Martin,2013-09-17,day,11,album,spotify:album:52mbh53PL8kGQGmNxNImu9,ES5021300382,https://open.spotify.com/track/5vCgDt0CtheaWVKzMW5KkO,,,,,
"[{'external_urls': {'spotify': 'https://open.spotify.com/artist/2nszmSgqreHSdJA3zWPyrW'}, 'href': 'https://api.spotify.com/v1/artists/2nszmSgqreHSdJA3zWPyrW', 'id': '2nszmSgqreHSdJA3zWPyrW', 'name': 'Luis Miguel', 'type': 'artist', 'uri': 'spotify:artist:2nszmSgqreHSdJA3zWPyrW'}]",2,152173,False,https://api.spotify.com/v1/tracks/3ajW5MIBFQrOobP2JWfKmF,3ajW5MIBFQrOobP2JWfKmF,False,True,Si Nos Dejan - En Vivo,28,https://p.scdn.co/mp3-preview/9652e5828cca80d832fe63cf54318389b40907e5?cid=bf0a7a4e7fba44c3844ebceae6d06eed,2,track,spotify:track:3ajW5MIBFQrOobP2JWfKmF,COMPILATION,"[{'external_urls': {'spotify': 'https://open.spotify.com/artist/2nszmSgqreHSdJA3zWPyrW'}, 'href': 'https://api.spotify.com/v1/artists/2nszmSgqreHSdJA3zWPyrW', 'id': '2nszmSgqreHSdJA3zWPyrW', 'name': 'Luis Miguel', 'type': 'artist', 'uri': 'spotify:artist:2nszmSgqreHSdJA3zWPyrW'}]",https://open.spotify.com/album/2RTzSYUsrbecOYJQbElNc9,https://api.spotify.com/v1/albums/2RTzSYUsrbecOYJQbElNc9,2RTzSYUsrbecOYJQbElNc9,"[{'height': 640, 'url': 'https://i.scdn.co/image/ab67616d0000b273cbe75d3301af57e68af170d3', 'width': 640}, {'height': 300, 'url': 'https://i.scdn.co/image/ab67616d00001e02cbe75d3301af57e68af170d3', 'width': 300}, {'height': 64, 'url': 'https://i.scdn.co/image/ab67616d00004851cbe75d3301af57e68af170d3', 'width': 64}]",True,Grandes Exitos - US CD version,2005,year,26,album,spotify:album:2RTzSYUsrbecOYJQbElNc9,USWI19600216,https://open.spotify.com/track/3ajW5MIBFQrOobP2JWfKmF,,,,,
"[{'external_urls': {'spotify': 'https://open.spotify.com/artist/2gRP1Ezbtj3qrERnd0XasU'}, 'href': 'https://api.spotify.com/v1/artists/2gRP1Ezbtj3qrERnd0XasU', 'id': '2gRP1Ezbtj3qrERnd0XasU', 'name': 'Camila', 'type': 'artist', 'uri': 'spotify:artist:2gRP1Ezbtj3qrERnd0XasU'}]",1,176960,False,https://api.spotify.com/v1/tracks/7GIeuhOKPfY1sf333yAnk3,7GIeuhOKPfY1sf333yAnk3,False,True,Nada,40,https://p.scdn.co/mp3-preview/7dbf99aceeddd26f043179f87b67b4f4785791cc?cid=bf0a7a4e7fba44c3844ebceae6d06eed,8,track,spotify:track:7GIeuhOKPfY1sf333yAnk3,ALBUM,"[{'external_urls': {'spotify': 'https://open.spotify.com/artist/2gRP1Ezbtj3qrERnd0XasU'}, 'href': 'https://api.spotify.com/v1/artists/2gRP1Ezbtj3qrERnd0XasU', 'id': '2gRP1Ezbtj3qrERnd0XasU', 'name': 'Camila', 'type': 'artist', 'uri': 'spotify:artist:2gRP1Ezbtj3qrERnd0XasU'}]",https://open.spotify.com/album/0MPMiyavAbARflBlNGjIA6,https://api.spotify.com/v1/albums/0MPMiyavAbARflBlNGjIA6,0MPMiyavAbARflBlNGjIA6,"[{'height': 640, 'url': 'https://i.scdn.co/image/ab67616d0000b273d46baecb11453061ea9fa795', 'width': 640}, {'height': 300, 'url': 'https://i.scdn.co/image/ab67616d00001e02d46baecb11453061ea9fa795', 'width': 300}, {'height': 64, 'url': 'https://i.scdn.co/image/ab67616d00004851d46baecb11453061ea9fa795', 'width': 64}]",True,Dejarte De Amar,2010-02-09,day,11,album,spotify:album:0MPMiyavAbARflBlNGjIA6,MXF010901152,https://open.spotify.com/track/7GIeuhOKPfY1sf333yAnk3,,,,,
"[{'external_urls': {'spotify': 'https://open.spotify.com/artist/0EmeFodog0BfCgMzAIvKQp'}, 'href': 'https://api.spotify.com/v1/artists/0EmeFodog0BfCgMzAIvKQp', 'id': '0EmeFodog0BfCgMzAIvKQp', 'name': 'Shakira', 'type': 'artist', 'uri': 'spotify:artist:0EmeFodog0BfCgMzAIvKQp'}]",1,186840,False,https://api.spotify.com/v1/tracks/3ToWC9JYSmDIa9yJs0k6PO,3ToWC9JYSmDIa9yJs0k6PO,False,True,Te Dejo Madrid,57,https://p.scdn.co/mp3-preview/7e058022abf499d7404c0f62200394e6e2fe70ec?cid=bf0a7a4e7fba44c3844ebceae6d06eed,8,track,spotify:track:3ToWC9JYSmDIa9yJs0k6PO,ALBUM,"[{'external_urls': {'spotify': 'https://open.spotify.com/artist/0EmeFodog0BfCgMzAIvKQp'}, 'href': 'https://api.spotify.com/v1/artists/0EmeFodog0BfCgMzAIvKQp', 'id': '0EmeFodog0BfCgMzAIvKQp', 'name': 'Shakira', 'type': 'artist', 'uri': 'spotify:artist:0EmeFodog0BfCgMzAIvKQp'}]",https://open.spotify.com/album/4DyMK9x2gnmRkRa16zHaEV,https://api.spotify.com/v1/albums/4DyMK9x2gnmRkRa16zHaEV,4DyMK9x2gnmRkRa16zHaEV,"[{'height': 640, 'url': 'https://i.scdn.co/image/ab67616d0000b2731f400a1f4d821b00824cf58f', 'width': 640}, {'height': 300, 'url': 'https://i.scdn.co/image/ab67616d00001e021f400a1f4d821b00824cf58f', 'width': 300}, {'height': 64, 'url': 'https://i.scdn.co/image/ab67616d000048511f400a1f4d821b00824cf58f', 'width': 64}]",True,Laundry Service,2001-11-13,day,13,album,spotify:album:4DyMK9x2gnmRkRa16zHaEV,NLB630100366,https://open.spotify.com/track/3ToWC9JYSmDIa9yJs0k6PO,,,,,
"[{'external_urls': {'spotify': 'https://open.spotify.com/artist/3MHaV05u0io8fQbZ2XPtlC'}, 'href': 'https://api.spotify.com/v1/artists/3MHaV05u0io8fQbZ2XPtlC', 'id': '3MHaV05u0io8fQbZ2XPtlC', 'name': 'Prince Royce', 'type': 'artist', 'uri': 'spotify:artist:3MHaV05u0io8fQbZ2XPtlC'}]",1,256866,False,https://api.spotify.com/v1/tracks/6D9QbHebVk2V7jowSvLmhp,6D9QbHebVk2V7jowSvLmhp,False,True,Close to You,29,https://p.scdn.co/mp3-preview/cb470da77839d2768674408bd1b53533edc60707?cid=bf0a7a4e7fba44c3844ebceae6d06eed,8,track,spotify:track:6D9QbHebVk2V7jowSvLmhp,ALBUM,"[{'external_urls': {'spotify': 'https://open.spotify.com/artist/3MHaV05u0io8fQbZ2XPtlC'}, 'href': 'https://api.spotify.com/v1/artists/3MHaV05u0io8fQbZ2XPtlC', 'id': '3MHaV05u0io8fQbZ2XPtlC', 'name': 'Prince Royce', 'type': 'artist', 'uri': 'spotify:artist:3MHaV05u0io8fQbZ2XPtlC'}]",https://open.spotify.com/album/6R16geQpVIEuR4yPL42v5f,https://api.spotify.com/v1/albums/6R16geQpVIEuR4yPL42v5f,6R16geQpVIEuR4yPL42v5f,"[{'height': 640, 'url': 'https://i.scdn.co/image/ab67616d0000b27340bc8a021b00ce75dd361f9e', 'width': 640}, {'height': 300, 'url': 'https://i.scdn.co/image/ab67616d00001e0240bc8a021b00ce75dd361f9e', 'width': 300}, {'height': 64, 'url': 'https://i.scdn.co/image/ab67616d0000485140bc8a021b00ce75dd361f9e', 'width': 64}]",True,Phase II,2012-04-10,day,13,album,spotify:album:6R16geQpVIEuR4yPL42v5f,US7YG1200101,https://open.spotify.com/track/6D9QbHebVk2V7jowSvLmhp,https://open.spotify.com/track/2G9Hx7sAnZ34s0dZOoSZyN,https://api.spotify.com/v1/tracks/2G9Hx7sAnZ34s0dZOoSZyN,2G9Hx7sAnZ34s0dZOoSZyN,track,spotify:track:2G9Hx7sAnZ34s0dZOoSZyN
"[{'external_urls': {'spotify': 'https://open.spotify.com/artist/5Hsv8dUHHOdnn72q4XIVz7'}, 'href': 'https://api.spotify.com/v1/artists/5Hsv8dUHHOdnn72q4XIVz7', 'id': '5Hsv8dUHHOdnn72q4XIVz7', 'name': 'Leiva', 'type': 'artist', 'uri': 'spotify:artist:5Hsv8dUHHOdnn72q4XIVz7'}]",1,227600,False,https://api.spotify.com/v1/tracks/0XPayKZFFZA2PwSRNi1pVU,0XPayKZFFZA2PwSRNi1pVU,False,True,Terriblemente Cruel,62,https://p.scdn.co/mp3-preview/55b90b052adb8dc5bda0f2c7d8b85c712e7a3a8b?cid=bf0a7a4e7fba44c3844ebceae6d06eed,2,track,spotify:track:0XPayKZFFZA2PwSRNi1pVU,ALBUM,"[{'external_urls': {'spotify': 'https://open.spotify.com/artist/5Hsv8dUHHOdnn72q4XIVz7'}, 'href': 'https://api.spotify.com/v1/artists/5Hsv8dUHHOdnn72q4XIVz7', 'id': '5Hsv8dUHHOdnn72q4XIVz7', 'name': 'Leiva', 'type': 'artist', 'uri': 'spotify:artist:5Hsv8dUHHOdnn72q4XIVz7'}]",https://open.spotify.com/album/61KvTpKxtT39nPe2FAhjxg,https://api.spotify.com/v1/albums/61KvTpKxtT39nPe2FAhjxg,61KvTpKxtT39nPe2FAhjxg,"[{'height': 640, 'url': 'https://i.scdn.co/image/ab67616d0000b273ffc17888b05aeb50576d2b28', 'width': 640}, {'height': 300, 'url': 'https://i.scdn.co/image/ab67616d00001e02ffc17888b05aeb50576d2b28', 'width': 300}, {'height': 64, 'url': 'https://i.scdn.co/image/ab67616d00004851ffc17888b05aeb50576d2b28', 'width': 64}]",True,Polvora,2014-01-31,day,13,album,spotify:album:61KvTpKxtT39nPe2FAhjxg,ES5021300743,https://open.spotify.com/track/0XPayKZFFZA2PwSRNi1pVU,,,,,
